{"cameraMode":{"drawMode":0,"name":"Shaded","section":"Shading Mode"},"sceneLighting":true,"audioPlay":false,"sceneViewState":{"showFog":true,"showMaterialUpdate":false,"showSkybox":true,"showFlares":true,"showImageEffects":true,"showParticleSystems":true},"in2DMode":false,"pivot":{"x":0.864649772644043,"y":0.2841033935546875,"z":-2.697005271911621},"rotation":{"x":0.3868511915206909,"y":-0.1424095183610916,"z":0.06059560552239418,"w":0.9091272354125977},"size":16.87451171875,"orthographic":false}