{"cameraMode":{"drawMode":0,"name":"Shaded","section":"Shading Mode"},"sceneLighting":true,"audioPlay":false,"sceneViewState":{"showFog":true,"showMaterialUpdate":false,"showSkybox":true,"showFlares":true,"showImageEffects":true,"showParticleSystems":true},"in2DMode":false,"pivot":{"x":-3.1272568702697756,"y":3.9557552337646486,"z":-4.02498197555542},"rotation":{"x":-0.46558529138565066,"y":-0.03926601633429527,"z":0.020701942965388299,"w":-0.8839037418365479},"size":15.601984977722168,"orthographic":false}